{
  "custom": {},
  "params": {},
  "props": {
    "defaultSize": {
      "height": 1664,
      "width": 267
    }
  },
  "root": {
    "children": [
      {
        "children": [
          {
            "meta": {
              "name": "Label"
            },
            "position": {
              "basis": "138px"
            },
            "props": {
              "style": {
                "letterSpacing": 3,
                "marginLeft": "5%"
              },
              "text": "GOKS",
              "textStyle": {
                "backgroundColor": "#2B2B2B",
                "color": "#FAFAFB",
                "fontFamily": "sans-serif",
                "fontSize": "1.5rem",
                "fontWeight": "bold",
                "letterSpacing": "1.5",
                "textAlign": "left"
              }
            },
            "type": "ia.display.label"
          },
          {
            "meta": {
              "name": "Icon"
            },
            "position": {
              "basis": "65px"
            },
            "props": {
              "color": "#FFFFFF",
              "path": "material/view_headline"
            },
            "type": "ia.display.icon"
          }
        ],
        "meta": {
          "name": "FlexContainer"
        },
        "position": {
          "basis": "57px"
        },
        "props": {
          "justify": "space-between",
          "style": {
            "backgroundColor": "#2B2B2B",
            "marginBottom": "13%"
          }
        },
        "type": "ia.container.flex"
      },
      {
        "children": [
          {
            "meta": {
              "name": "Icon"
            },
            "position": {
              "basis": "30px"
            },
            "props": {
              "path": "material/home",
              "style": {
                "marginLeft": "4%"
              }
            },
            "type": "ia.display.icon"
          },
          {
            "meta": {
              "name": "Label"
            },
            "position": {
              "basis": "123px"
            },
            "props": {
              "style": {
                "marginLeft": "8%"
              },
              "text": "Home"
            },
            "type": "ia.display.label"
          }
        ],
        "events": {
          "dom": {
            "onClick": {
              "config": {
                "page": "/home"
              },
              "scope": "C",
              "type": "nav"
            }
          }
        },
        "meta": {
          "name": "FlexContainer_0"
        },
        "position": {
          "basis": "45px"
        },
        "props": {
          "style": {
            "backgroundColor": "#D5D5D55C",
            "borderBottomColor": "#FF7954",
            "borderBottomStyle": "hidden",
            "borderLeftColor": "#FF7954",
            "borderLeftStyle": "solid",
            "borderLeftWidth": 10,
            "borderRightColor": "#FF7954",
            "borderRightStyle": "hidden",
            "borderTopColor": "#FF7954",
            "borderTopStyle": "hidden",
            "color": "#EBEBF5"
          }
        },
        "type": "ia.container.flex"
      },
      {
        "children": [
          {
            "meta": {
              "name": "Icon"
            },
            "position": {
              "basis": "30px"
            },
            "props": {
              "path": "material/map",
              "style": {
                "marginLeft": "4%"
              }
            },
            "type": "ia.display.icon"
          },
          {
            "meta": {
              "name": "Label"
            },
            "position": {
              "basis": "123px"
            },
            "props": {
              "style": {
                "marginLeft": "8%"
              },
              "text": "Map view"
            },
            "type": "ia.display.label"
          }
        ],
        "events": {
          "dom": {
            "onClick": {
              "config": {
                "page": "/labwork-day-1"
              },
              "scope": "C",
              "type": "nav"
            }
          }
        },
        "meta": {
          "name": "FlexContainer_1"
        },
        "position": {
          "basis": "45px"
        },
        "props": {
          "style": {
            "color": "#EBEBF5"
          }
        },
        "type": "ia.container.flex"
      },
      {
        "children": [
          {
            "meta": {
              "name": "Icon"
            },
            "position": {
              "basis": "30px"
            },
            "props": {
              "path": "material/groups",
              "style": {
                "marginLeft": "4%"
              }
            },
            "type": "ia.display.icon"
          },
          {
            "meta": {
              "name": "Label"
            },
            "position": {
              "basis": "123px"
            },
            "props": {
              "style": {
                "marginLeft": "8%"
              },
              "text": "Users"
            },
            "type": "ia.display.label"
          }
        ],
        "events": {
          "dom": {
            "onClick": {
              "config": {
                "page": "/alarms"
              },
              "scope": "C",
              "type": "nav"
            }
          }
        },
        "meta": {
          "name": "FlexContainer_2"
        },
        "position": {
          "basis": "45px"
        },
        "props": {
          "style": {
            "color": "#EBEBF5"
          }
        },
        "type": "ia.container.flex"
      },
      {
        "children": [
          {
            "meta": {
              "name": "Icon"
            },
            "position": {
              "basis": "30px"
            },
            "props": {
              "path": "material/content_paste",
              "style": {
                "marginLeft": "4%"
              }
            },
            "type": "ia.display.icon"
          },
          {
            "meta": {
              "name": "Label"
            },
            "position": {
              "basis": "123px"
            },
            "props": {
              "style": {
                "marginLeft": "8%"
              },
              "text": "Tickets"
            },
            "type": "ia.display.label"
          }
        ],
        "meta": {
          "name": "FlexContainer_3"
        },
        "position": {
          "basis": "45px"
        },
        "props": {
          "style": {
            "color": "#EBEBF5"
          }
        },
        "type": "ia.container.flex"
      },
      {
        "children": [
          {
            "meta": {
              "name": "Icon"
            },
            "position": {
              "basis": "30px"
            },
            "props": {
              "path": "material/emoji_people",
              "style": {
                "marginLeft": "4%"
              }
            },
            "type": "ia.display.icon"
          },
          {
            "meta": {
              "name": "Label"
            },
            "position": {
              "basis": "123px"
            },
            "props": {
              "style": {
                "marginLeft": "8%"
              },
              "text": "Onboard"
            },
            "type": "ia.display.label"
          }
        ],
        "meta": {
          "name": "FlexContainer_4"
        },
        "position": {
          "basis": "45px"
        },
        "props": {
          "style": {
            "color": "#EBEBF5"
          }
        },
        "type": "ia.container.flex"
      },
      {
        "children": [
          {
            "meta": {
              "name": "Icon"
            },
            "position": {
              "basis": "30px"
            },
            "props": {
              "path": "material/book",
              "style": {
                "marginLeft": "4%"
              }
            },
            "type": "ia.display.icon"
          },
          {
            "meta": {
              "name": "Label"
            },
            "position": {
              "basis": "123px"
            },
            "props": {
              "style": {
                "marginLeft": "8%"
              },
              "text": "Reports"
            },
            "type": "ia.display.label"
          }
        ],
        "meta": {
          "name": "FlexContainer_5"
        },
        "position": {
          "basis": "45px"
        },
        "props": {
          "style": {
            "color": "#EBEBF5"
          }
        },
        "type": "ia.container.flex"
      }
    ],
    "meta": {
      "name": "root"
    },
    "props": {
      "direction": "column",
      "style": {
        "backgroundColor": "#555555"
      }
    },
    "type": "ia.container.flex"
  }
}