{
  "custom": {},
  "params": {},
  "props": {
    "defaultSize": {
      "height": 1664,
      "width": 2560
    }
  },
  "root": {
    "children": [
      {
        "meta": {
          "name": "Template"
        },
        "position": {
          "basis": "320px"
        },
        "props": {
          "params": {
            "conveyornumber": 1
          },
          "path": "Template",
          "style": {
            "marginBottom": "1%",
            "marginLeft": "1%",
            "marginRight": "1%",
            "marginTop": "1%"
          }
        },
        "type": "ia.display.view"
      },
      {
        "meta": {
          "name": "Template_0"
        },
        "position": {
          "basis": "320px"
        },
        "props": {
          "params": {
            "conveyornumber": 2
          },
          "path": "Template",
          "style": {
            "marginBottom": "1%",
            "marginLeft": "1%",
            "marginRight": "1%",
            "marginTop": "1%"
          }
        },
        "type": "ia.display.view"
      },
      {
        "meta": {
          "name": "Template_1"
        },
        "position": {
          "basis": "320px"
        },
        "props": {
          "params": {
            "conveyornumber": 3
          },
          "path": "Template",
          "style": {
            "marginBottom": "1%",
            "marginLeft": "1%",
            "marginRight": "1%",
            "marginTop": "1%"
          }
        },
        "type": "ia.display.view"
      },
      {
        "meta": {
          "name": "Template_2"
        },
        "position": {
          "basis": "320px"
        },
        "props": {
          "params": {
            "conveyornumber": 4
          },
          "path": "Template",
          "style": {
            "marginBottom": "1%",
            "marginLeft": "1%",
            "marginRight": "1%",
            "marginTop": "1%"
          }
        },
        "type": "ia.display.view"
      },
      {
        "meta": {
          "name": "Template_3"
        },
        "position": {
          "basis": "320px"
        },
        "props": {
          "params": {
            "conveyornumber": 5
          },
          "path": "Template",
          "style": {
            "marginBottom": "1%",
            "marginLeft": "1%",
            "marginRight": "1%",
            "marginTop": "1%"
          }
        },
        "type": "ia.display.view"
      },
      {
        "meta": {
          "name": "Template_4"
        },
        "position": {
          "basis": "320px"
        },
        "props": {
          "params": {
            "conveyornumber": 5
          },
          "path": "Template",
          "style": {
            "marginBottom": "1%",
            "marginLeft": "1%",
            "marginRight": "1%",
            "marginTop": "1%"
          }
        },
        "type": "ia.display.view"
      },
      {
        "meta": {
          "name": "Template_5"
        },
        "position": {
          "basis": "320px"
        },
        "props": {
          "params": {
            "conveyornumber": 6
          },
          "path": "Template",
          "style": {
            "marginBottom": "1%",
            "marginLeft": "1%",
            "marginRight": "1%",
            "marginTop": "1%"
          }
        },
        "type": "ia.display.view"
      },
      {
        "meta": {
          "name": "Template_6"
        },
        "position": {
          "basis": "320px"
        },
        "props": {
          "params": {
            "conveyornumber": 7
          },
          "path": "Template",
          "style": {
            "marginBottom": "1%",
            "marginLeft": "1%",
            "marginRight": "1%",
            "marginTop": "1%"
          }
        },
        "type": "ia.display.view"
      },
      {
        "meta": {
          "name": "Template_7"
        },
        "position": {
          "basis": "320px"
        },
        "props": {
          "params": {
            "conveyornumber": 8
          },
          "path": "Template",
          "style": {
            "marginBottom": "1%",
            "marginLeft": "1%",
            "marginRight": "1%",
            "marginTop": "1%"
          }
        },
        "type": "ia.display.view"
      },
      {
        "meta": {
          "name": "Template_8"
        },
        "position": {
          "basis": "320px"
        },
        "props": {
          "params": {
            "conveyornumber": 9
          },
          "path": "Template",
          "style": {
            "marginBottom": "1%",
            "marginLeft": "1%",
            "marginRight": "1%",
            "marginTop": "1%"
          }
        },
        "type": "ia.display.view"
      },
      {
        "meta": {
          "name": "Template_9"
        },
        "position": {
          "basis": "320px"
        },
        "props": {
          "params": {
            "conveyornumber": 10
          },
          "path": "Template",
          "style": {
            "marginBottom": "1%",
            "marginLeft": "1%",
            "marginRight": "1%",
            "marginTop": "1%"
          }
        },
        "type": "ia.display.view"
      },
      {
        "meta": {
          "name": "Template_10"
        },
        "position": {
          "basis": "320px"
        },
        "props": {
          "params": {
            "conveyornumber": 1
          },
          "path": "Template",
          "style": {
            "marginBottom": "1%",
            "marginLeft": "1%",
            "marginRight": "1%",
            "marginTop": "1%"
          }
        },
        "type": "ia.display.view"
      }
    ],
    "meta": {
      "name": "root"
    },
    "props": {
      "style": {
        "backgroundColor": "#D5D5D5",
        "paddingBottom": "2%",
        "paddingLeft": "2%",
        "paddingRight": "2%",
        "paddingTop": "2%"
      },
      "wrap": "wrap"
    },
    "type": "ia.container.flex"
  }
}