{
  "custom": {},
  "params": {
    "popupconveyornumber": 2
  },
  "propConfig": {
    "params.popupconveyornumber": {
      "paramDirection": "input",
      "persistent": true
    }
  },
  "props": {
    "defaultSize": {
      "height": 869,
      "width": 980
    }
  },
  "root": {
    "children": [
      {
        "children": [
          {
            "meta": {
              "name": "Label"
            },
            "position": {
              "basis": "254px"
            },
            "props": {
              "text": "ENTER THE SPEED FOR MACHINE"
            },
            "type": "ia.display.label"
          },
          {
            "events": {
              "component": {
                "onActionPerformed": {
                  "config": {
                    "forceAuth": true
                  },
                  "scope": "C",
                  "type": "login"
                }
              }
            },
            "meta": {
              "name": "NumericEntryField"
            },
            "position": {
              "basis": "150px"
            },
            "propConfig": {
              "props.enabled": {
                "binding": {
                  "config": {
                    "expression": "hasRole(\"Administrator\",{session.props.auth.user.userName},\"default\")"
                  },
                  "type": "expr"
                }
              },
              "props.value": {
                "binding": {
                  "config": {
                    "bidirectional": true,
                    "fallbackDelay": 2.5,
                    "mode": "indirect",
                    "references": {
                      "conveyornumber": "{view.params.popupconveyornumber}"
                    },
                    "tagPath": "[default]Conveyor Instances/Conveyor {conveyornumber}/SpeedSP"
                  },
                  "type": "tag"
                }
              }
            },
            "type": "ia.input.numeric-entry-field"
          }
        ],
        "meta": {
          "name": "FlexContainer"
        },
        "position": {
          "basis": "70px"
        },
        "props": {
          "justify": "space-around"
        },
        "type": "ia.container.flex"
      },
      {
        "meta": {
          "name": "AlarmStatusTable"
        },
        "position": {
          "basis": "400px"
        },
        "propConfig": {
          "props.filters.active.text": {
            "binding": {
              "config": {
                "expression": "\"Conveyor \"+{view.params.popupconveyornumber}"
              },
              "type": "expr"
            }
          }
        },
        "props": {
          "filters": {
            "active": {}
          }
        },
        "type": "ia.display.alarmstatustable"
      },
      {
        "meta": {
          "name": "PowerChart"
        },
        "position": {
          "basis": "600px"
        },
        "props": {
          "config": {
            "rangeEndDate": {
              "$": [
                "ts",
                0,
                1709236595075
              ],
              "$ts": 1709236499040
            },
            "rangeStartDate": {
              "$": [
                "ts",
                0,
                1709236595075
              ],
              "$ts": 1709207795040
            }
          },
          "interaction": {
            "chartZoomLevel": 1,
            "rangeZoomLevel": 1
          },
          "pens": [
            {
              "axis": "",
              "data": {
                "aggregateMode": "default",
                "source": "histprov:Alam_DB:/drv:ignition-gokulkumars-macbook-air.local:default:/tag:conveyor instances/conveyor 1/speedsp"
              },
              "display": {
                "breakLine": true,
                "interpolation": "curveLinear",
                "radius": 3,
                "styles": {
                  "highlighted": {
                    "fill": {
                      "color": "#63BEA2",
                      "opacity": 1
                    },
                    "stroke": {
                      "color": "#63BEA2",
                      "dashArray": 0,
                      "opacity": 1,
                      "width": 1
                    }
                  },
                  "muted": {
                    "fill": {
                      "color": "#63BEA2",
                      "opacity": 0.4
                    },
                    "stroke": {
                      "color": "#63BEA2",
                      "dashArray": 0,
                      "opacity": 0.4,
                      "width": 1
                    }
                  },
                  "normal": {
                    "fill": {
                      "color": "#63BEA2",
                      "opacity": 0.8
                    },
                    "stroke": {
                      "color": "#63BEA2",
                      "dashArray": 0,
                      "opacity": 0.8,
                      "width": 1
                    }
                  },
                  "selected": {
                    "fill": {
                      "color": "#63BEA2",
                      "opacity": 1
                    },
                    "stroke": {
                      "color": "#63BEA2",
                      "dashArray": 0,
                      "opacity": 1,
                      "width": 1
                    }
                  }
                },
                "type": "line"
              },
              "enabled": true,
              "name": "speedsp",
              "plot": 0,
              "selectable": true,
              "visible": true
            }
          ]
        },
        "type": "ia.chart.powerchart"
      },
      {
        "meta": {
          "name": "FlexContainer_0"
        },
        "position": {
          "basis": "200px"
        },
        "type": "ia.container.flex"
      }
    ],
    "meta": {
      "name": "root"
    },
    "props": {
      "direction": "column"
    },
    "type": "ia.container.flex"
  }
}