{
  "custom": {},
  "params": {
    "conveyornumber": 1
  },
  "propConfig": {
    "params.conveyornumber": {
      "paramDirection": "input",
      "persistent": true
    }
  },
  "props": {
    "defaultSize": {
      "height": 472,
      "width": 496
    }
  },
  "root": {
    "children": [
      {
        "children": [
          {
            "meta": {
              "name": "Label"
            },
            "position": {
              "basis": "122px"
            },
            "propConfig": {
              "props.text": {
                "binding": {
                  "config": {
                    "expression": "\"CONVEYOR \"+{view.params.conveyornumber}"
                  },
                  "type": "expr"
                }
              }
            },
            "props": {
              "textStyle": {
                "color": "#FFFFFF",
                "fontFamily": "sans-serif",
                "fontWeight": "bolder"
              }
            },
            "type": "ia.display.label"
          }
        ],
        "meta": {
          "name": "FlexContainer"
        },
        "position": {
          "basis": "46px"
        },
        "props": {
          "style": {
            "backgroundColor": "#000000",
            "paddingLeft": "6%"
          }
        },
        "type": "ia.container.flex"
      },
      {
        "children": [
          {
            "meta": {
              "name": "electric-motor"
            },
            "position": {
              "basis": "100px"
            },
            "props": {
              "fit": {
                "mode": "contain"
              },
              "source": "/system/images/electric-motor.png"
            },
            "type": "ia.display.image"
          }
        ],
        "events": {
          "dom": {
            "onClick": {
              "config": {
                "draggable": true,
                "id": "wUbCWUSJ",
                "modal": false,
                "overlayDismiss": false,
                "resizable": true,
                "showCloseIcon": true,
                "type": "open",
                "viewParams": {
                  "popupconveyornumber": "{view.params.conveyornumber}"
                },
                "viewPath": "Alarm",
                "viewportBound": false
              },
              "scope": "C",
              "type": "popup"
            }
          }
        },
        "meta": {
          "name": "FlexContainer_0"
        },
        "position": {
          "basis": "166px"
        },
        "props": {
          "justify": "center"
        },
        "type": "ia.container.flex"
      },
      {
        "children": [
          {
            "meta": {
              "name": "LedDisplay"
            },
            "position": {
              "basis": "337px"
            },
            "propConfig": {
              "props.value": {
                "binding": {
                  "config": {
                    "fallbackDelay": 2.5,
                    "mode": "indirect",
                    "references": {
                      "conveyornumber": "{view.params.conveyornumber}"
                    },
                    "tagPath": "[default]LabworkSim/Conveyor {conveyornumber}/speedActual"
                  },
                  "type": "tag"
                }
              }
            },
            "props": {
              "numberFormat": "0",
              "style": {
                "width": ""
              }
            },
            "type": "ia.display.led-display"
          },
          {
            "meta": {
              "name": "Label"
            },
            "position": {
              "basis": "50px"
            },
            "props": {
              "alignVertical": "bottom",
              "style": {
                "marginLeft": 10
              },
              "text": "A",
              "textStyle": {
                "fontSize": 13,
                "fontWeight": "200",
                "textAlign": "left"
              }
            },
            "type": "ia.display.label"
          }
        ],
        "meta": {
          "name": "FlexContainer_1"
        },
        "position": {
          "basis": "43px"
        },
        "props": {
          "justify": "space-between",
          "style": {
            "height": "",
            "marginBottom": "3%",
            "paddingLeft": "7%",
            "paddingRight": "10%"
          }
        },
        "type": "ia.container.flex"
      },
      {
        "children": [
          {
            "meta": {
              "name": "LedDisplay"
            },
            "position": {
              "basis": "337px"
            },
            "propConfig": {
              "props.value": {
                "binding": {
                  "config": {
                    "fallbackDelay": 2.5,
                    "mode": "indirect",
                    "references": {
                      "conveyornumber": "{view.params.conveyornumber}"
                    },
                    "tagPath": "[default]LabworkSim/Conveyor {conveyornumber}/amps"
                  },
                  "type": "tag"
                }
              }
            },
            "props": {
              "numberFormat": "0",
              "style": {
                "width": ""
              }
            },
            "type": "ia.display.led-display"
          },
          {
            "meta": {
              "name": "Label"
            },
            "position": {
              "basis": "50px"
            },
            "props": {
              "alignVertical": "bottom",
              "style": {
                "marginLeft": 10
              },
              "text": "Rpm",
              "textStyle": {
                "fontSize": 13,
                "fontWeight": "200",
                "textAlign": "left"
              }
            },
            "type": "ia.display.label"
          }
        ],
        "meta": {
          "name": "FlexContainer_2"
        },
        "position": {
          "basis": "43px"
        },
        "props": {
          "justify": "space-between",
          "style": {
            "marginBottom": "3%",
            "paddingLeft": "7%",
            "paddingRight": "10%"
          }
        },
        "type": "ia.container.flex"
      },
      {
        "children": [
          {
            "meta": {
              "name": "MultiStateButton"
            },
            "position": {
              "basis": "80px"
            },
            "propConfig": {
              "props.controlValue": {
                "binding": {
                  "config": {
                    "bidirectional": true,
                    "fallbackDelay": 2.5,
                    "mode": "indirect",
                    "references": {
                      "conveyornumber": "{view.params.conveyornumber}"
                    },
                    "tagPath": "[default]LabworkSim/Conveyor {conveyornumber}/state"
                  },
                  "type": "tag"
                }
              },
              "props.indicatorValue": {
                "binding": {
                  "config": {
                    "path": "this.props.controlValue"
                  },
                  "type": "property"
                }
              }
            },
            "props": {
              "orientation": "row",
              "states": [
                {
                  "selectedStyle": {
                    "backgroundColor": "#FFF275",
                    "borderColor": "",
                    "classes": ""
                  },
                  "text": "Hand",
                  "unselectedStyle": {
                    "borderColor": "#FFAC47",
                    "borderWidth": 1.5,
                    "classes": ""
                  },
                  "value": 2
                },
                {
                  "selectedStyle": {
                    "backgroundColor": "#FF7954",
                    "classes": ""
                  },
                  "text": "Off",
                  "unselectedStyle": {
                    "borderColor": "#FFAC47",
                    "borderWidth": 1.5,
                    "classes": ""
                  },
                  "value": 0
                },
                {
                  "selectedStyle": {
                    "backgroundColor": "#7CEA9C",
                    "classes": ""
                  },
                  "text": "Auto",
                  "unselectedStyle": {
                    "borderColor": "#FFAC47",
                    "borderWidth": 1.5,
                    "classes": ""
                  },
                  "value": 1
                }
              ]
            },
            "type": "ia.input.multi-state-button"
          }
        ],
        "meta": {
          "name": "FlexContainer_4"
        },
        "position": {
          "basis": "43px"
        },
        "props": {
          "direction": "column",
          "justify": "space-between",
          "style": {
            "marginBottom": "3%",
            "paddingLeft": "8%",
            "paddingRight": "8%"
          }
        },
        "type": "ia.container.flex"
      }
    ],
    "meta": {
      "name": "root"
    },
    "props": {
      "direction": "column",
      "style": {
        "backgroundColor": "#FFFFFF",
        "borderBottomLeftRadius": 5,
        "borderBottomRightRadius": 5,
        "borderTopLeftRadius": 5,
        "borderTopRightRadius": 5
      }
    },
    "type": "ia.container.flex"
  }
}