{
  "custom": {},
  "params": {},
  "props": {
    "defaultSize": {
      "width": 168
    }
  },
  "root": {
    "children": [
      {
        "events": {
          "dom": {
            "onClick": {
              "config": {
                "page": "/conveyor1"
              },
              "scope": "C",
              "type": "nav"
            }
          }
        },
        "meta": {
          "name": "Button"
        },
        "position": {
          "height": 34,
          "width": 92,
          "x": 46,
          "y": 52
        },
        "props": {
          "text": "Conveyor 1"
        },
        "type": "ia.input.button"
      },
      {
        "events": {
          "dom": {
            "onClick": {
              "config": {
                "page": "/conveyor2"
              },
              "scope": "C",
              "type": "nav"
            }
          }
        },
        "meta": {
          "name": "Button_0"
        },
        "position": {
          "height": 34,
          "rotate": {
            "anchor": "50% -288%"
          },
          "width": 89,
          "x": 46,
          "y": 129
        },
        "props": {
          "text": "Conveyor 2"
        },
        "type": "ia.input.button"
      }
    ],
    "meta": {
      "name": "root"
    },
    "position": {
      "x": -18,
      "y": 0
    },
    "type": "ia.container.coord"
  }
}